__orig_index__,SBP,DBP,IOP,HR,Patient,P1,P2,P4,P5,Qmean,R1,R4,R5
0,120.0,80.0,0.0,70.0,P1,42.7149618469609,34.531594639413946,21.15851607046249,19.123845597811084,0.0007226967549844307,7399.285084466706,2323.3304055623644,2212.5927080373444
1,130.0,85.0,0.0,72.0,P2,45.637157997910506,36.60910244802559,21.873168933967044,19.657523608699186,0.0007979657179411772,7391.41632442986,2248.8025749182975,2211.869653578601
2,110.0,75.0,0.0,68.0,P3,39.78754411051774,32.44878220510624,20.440630634957017,18.591166142799814,0.000647557949866116,7407.258415419525,2401.353247727267,2213.317950640489
